<?xml version="1.0" encoding="UTF-8" standalone="yes"?>
<addon id="plugin.program.horizonsettings" version="1.0.1" name="Horizon Settings Tool" provider-name="horizondigital">
	<requires>
		<import addon="xbmc.python" version="2.1.0"/>
	</requires>
	<extension point="xbmc.python.pluginsource" library="default.py">
		<provides>executable</provides>
	</extension>
	<extension point="xbmc.addon.metadata">
		<summary>Horizon Settings Tool</summary>
		<description>This provides additional settings for the Horizon Media Box.</description>
		<disclaimer></disclaimer>
		<language>en</language>
		<platform>all</platform>
		<forum></forum>
		<website></website>
		<source></source>
		<email></email>
	</extension>
</addon>
