<?xml version="1.0" encoding="UTF-8" standalone="yes"?>
<addon id="repository.horizondigital" name="Horizon Digital Repository" version="1.0" provider-name="Horizon Digital">
	<extension point="xbmc.addon.repository" name="Horizon Digital Repository">
		<info compressed="false">http://github.com/horizondigital/repository.horizondigital/raw/master/addons.xml</info>
		<datadir zip="true">http://github.com/horizondigital/repository.horizondigital/raw/master/zips</datadir>
	</extension>
    <extension point="xbmc.addon.metadata">
        <summary>Horizon Digital Addon Repository</summary>
        <description>Download and install Horizon Digital's repository.</description>
        <disclaimer></disclaimer>
        <platform>all</platform>
    </extension>
</addon>